installation_name,known_hostname,working_installation_url,installation_status,something_blocking_api_use,API_token_used,get_installation_version_api_status,dataverse_version,dataverse_version_sanitized,search_api_status,dataset_count,dataset_count_range,sample_dataset_pid,get_dataverse_json_export_api_status,get_metadatablocks_api_status,datacite_client_id
QDR Main Collection,data.qdr.syr.edu,https://data.qdr.syr.edu,405,FALSE,FALSE,OK,6.10.1-qdr,6.10.1,OK,234,100–499,doi:10.5064/F6E1OMLI,OK,OK,gdcc.syr-qdr
RepOD,repod.icm.edu.pl,https://repod.icm.edu.pl,200,FALSE,FALSE,OK,1.1.7-4aa582d4ad59c5d25b0609855fee2bcdb211504c,1.1.7,OK,4126,"1,000–4,999",doi:10.18150/U7KJIR,OK,OK,tib.repod
Dane Badawcze UW,danebadawcze.uw.edu.pl,https://danebadawcze.uw.edu.pl,200,FALSE,FALSE,OK,1.1.6-869f5dc4d3e5cc4a9c2e65748a8d34927d347cd7,1.1.6,OK,575,500–999,doi:10.58132/8AR81V,OK,OK,repod.dbuw
CIRAD Dataverse,dataverse.cirad.fr,https://dataverse.cirad.fr,200,FALSE,TRUE,OK,6.6,6.6,OK,976,500–999,doi:10.18167/DVN1/TYPJG4,OK,OK,inist.cirad
CORA. Research Data Repository (RDR),dataverse.csuc.cat,https://dataverse.csuc.cat,200,FALSE,FALSE,OK,6.10.1,6.10.1,OK,2284,"1,000–4,999",doi:10.34810/DATA2527,OK,OK,gdcc.csuc
Harvard Dataverse,dataverse.harvard.edu,https://dataverse.harvard.edu,202,FALSE,FALSE,OK,6.10.1,6.10.1,OK,114952,"100,000–199,999",doi:10.7910/DVN/JRKZR6,OK,OK,gdcc.harvard-dv
JPL Open Repository,dataverse.jpl.nasa.gov,https://dataverse.jpl.nasa.gov,200,FALSE,FALSE,OK,5.14,5.14,OK,47647,"10,000–99,999",doi:10.48577/jpl.VAPWIZ,OK,OK,jams.rurlqc
HeiDATA,heidata.uni-heidelberg.de,https://heidata.uni-heidelberg.de,200,FALSE,TRUE,OK,6.9,6.9,OK,768,500–999,doi:10.11588/DATA/BLF2J3,OK,OK,gesis.ubhd
DATADOI,datadoi.ee,https://datadoi.ee,200,FALSE,FALSE,OK,6.10.1,6.10.1,OK,449,100–499,doi:10.23673/HKYC8R,OK,OK,estdoi.repo
George Mason University Dataverse,dataverse.orc.gmu.edu,https://dataverse.orc.gmu.edu,200,FALSE,FALSE,OK,6.5,6.5,OK,72,0–99,doi:10.13021/ORC2020/V9XGTV,OK,OK,gmu.ulibry
Texas Data Repository Dataverse,dataverse.tdl.org,https://dataverse.tdl.org,200,FALSE,TRUE,OK,6.10.1,6.10.1,OK,3065,"1,000–4,999",doi:10.18738/T8/8P7SLJ,OK,OK,tdl.tdl
Edmond,edmond.mpdl.mpg.de,https://edmond.mpg.de,200,FALSE,FALSE,OK,6.10.1 mpdl-develop - 9ac2b3676a,6.10.1,OK,1707,"1,000–4,999",doi:10.17617/3.WACV69,OK,OK,tib.mpdl
DataverseNL,dataverse.nl,https://dataverse.nl,200,FALSE,FALSE,OK,6.9,6.9,OK,9426,"5,000–9,999",doi:10.34894/X9S8LB,OK,OK,dans.dataversenl
ODISSEI Portal,portal.odissei.nl,https://portal.odissei.nl,200,FALSE,FALSE,OK,6.9,6.9,OK,10245,"10,000–99,999",doi:10.34894/9FOVX0,OK,OK,dans.dataversenl
DADOS IPB,dados.ipb.pt,https://dados.ipb.pt,200,FALSE,FALSE,OK,5.12.1,5.12.1,OK,65,0–99,doi:10.34620/dadosipb/3ORISF,OK,OK,fct.ipbraganca
IPGP Research Collection,dataverse.ipgp.fr,https://dataverse.ipgp.fr,200,FALSE,FALSE,OK,5.11.1,5.11.1,OK,86,0–99,doi:10.18715/IPGP.2023.ljsvz785,OK,OK,inist.ipgp
LORE - LIST Open Repository,lore.list.lu,https://lore.list.lu,200,FALSE,FALSE,OK,6.9,6.9,OK,4215,"1,000–4,999",doi:10.57828/K66ZXJ,OK,OK,cbjf.vzttwl
DaRUS,darus.uni-stuttgart.de,https://darus.uni-stuttgart.de,200,FALSE,FALSE,OK,6.10.1,6.10.1,OK,2406,"1,000–4,999",doi:10.18419/DARUS-5843,OK,OK,tib.ubs
TUDOdata,data.tu-dortmund.de,https://data.tu-dortmund.de,200,FALSE,FALSE,OK,6.10.1,6.10.1,OK,189,100–499,doi:10.17877/TUDODATA-2026-JVFCSI,OK,OK,tib.tudo
UC Berkeley Library Dataverse,datasets.lib.berkeley.edu,https://datasets.lib.berkeley.edu,200,FALSE,FALSE,OK,6.8,6.8,OK,245,100–499,doi:10.60503/D3/KYTYHI,OK,OK,cdl.ucb
Data Suds,dataverse.ird.fr,https://dataverse.ird.fr,200,FALSE,FALSE,OK,6.2-IRD3,6.2,OK,460,100–499,doi:10.23708/QEFY3I,OK,OK,inist.ird
DataverseNO,dataverse.no,https://dataverse.no,200,FALSE,FALSE,OK,6.6,6.6,OK,2247,"1,000–4,999",doi:10.18710/RIPGIB,OK,OK,vjhc.dataverseno
DATICE,dataverse.rhi.hi.is,https://gagnis.hi.is,200,FALSE,FALSE,OK,6.8,6.8,OK,45,0–99,doi:10.34881/ULTFPM,OK,OK,gesis.ssri
RODBUK AGH,agh.rodbuk.pl,https://agh.rodbuk.pl,200,FALSE,FALSE,OK,6.7.1,6.7.1,OK,374,100–499,doi:10.58032/AGH/MQRKVO,OK,OK,agh.ohbfbo
University of Physical Culture in Krakow,akf.rodbuk.pl,https://akf.rodbuk.pl,200,FALSE,FALSE,OK,6.7.1,6.7.1,OK,33,0–99,doi:10.58145/AKF/V6T2YT,OK,OK,awf.kr
Arca Dados,arcadados.fiocruz.br,https://arcadados.fiocruz.br,200,FALSE,FALSE,OK,6.2,6.2,OK,780,500–999,doi:10.35078/RAWVFZ,OK,OK,fiocruz.gvqdwx
DANS Data Station Archaeology,archaeology.datastations.nl,https://archaeology.datastations.nl,200,FALSE,FALSE,OK,6.9,6.9,OK,174925,"100,000–199,999",doi:10.17026/AR/5HH5OB,OK,OK,dans.archive
CSDA Dataverse,archivdv.soc.cas.cz,https://archivdv.soc.cas.cz,200,FALSE,FALSE,OK,6.10.1,6.10.1,OK,1269,"1,000–4,999",doi:10.14473/CSDA/A67SZL,OK,OK,gesis.csda
Johns Hopkins Research Data Repository,archive.data.jhu.edu,https://archive.data.jhu.edu,200,FALSE,FALSE,OK,6.10.1,6.10.1,OK,660,500–999,doi:10.7281/T15AV9PY,OK,OK,gdcc.jhu
bonndata,bonndata.uni-bonn.de,https://bonndata.uni-bonn.de,200,FALSE,FALSE,OK,6.7.1,6.7.1,OK,364,100–499,doi:10.60507/FK2/JJ5QZX,OK,OK,bxbq.udhdyc
Borealis/ODISSEI Portal/Scholars Portal,borealisdata.ca,https://borealisdata.ca,200,FALSE,FALSE,OK,6.8.2-SP,6.8.2,OK,24236,"10,000–99,999",doi:10.5683/SP4/4E9RMO,OK,OK,ocul.spdv
dare,dare.uol.de,https://dare.uol.de,200,FALSE,FALSE,OK,6.2,6.2,OK,67,0–99,doi:10.57782/OMZSUL,OK,OK,bisold.dareuol
AUSSDA Dataverse,data.aussda.at,https://data.aussda.at,200,FALSE,FALSE,OK,6.7.1,6.7.1,OK,1612,"1,000–4,999",doi:10.11587/SKDQSJ,OK,OK,gesis.aussda
International Potato Center,data.cipotato.org,https://data.cipotato.org,200,FALSE,TRUE,OK,6.2,6.2,OK,951,500–999,doi:10.21223/P3/CKYEB5,OK,OK,sml.cip
CROSSDA,data.crossda.hr,https://data.crossda.hr,200,FALSE,FALSE,OK,6.2,6.2,OK,39,0–99,doi:10.23669/NEYPD0,OK,OK,gesis.ffzg
ioerDATA,data.fdz.ioer.de,https://data.fdz.ioer.de,200,FALSE,FALSE,OK,6.10.1,6.10.1,OK,37,0–99,doi:10.71830/9CBBWV,OK,OK,mzhu.ioerdata
Jülich DATA,data.fz-juelich.de,https://data.fz-juelich.de,200,FALSE,FALSE,OK,4.2,4.2,OK,603,500–999,doi:10.26165/JUELICH-DATA/66BLEL,OK,OK,fzj.zb
Göttingen Research Online,data.goettingen-research-online.de,https://data.goettingen-research-online.de,200,FALSE,FALSE,OK,6.4,6.4,OK,2527,"1,000–4,999",doi:10.25625/FXT2EW,OK,OK,subgoe.gro
data.sciencespo,data.sciencespo.fr,https://data.sciencespo.fr,200,FALSE,FALSE,OK,5.14,5.14,OK,552,500–999,doi:10.21410/7E4/OZGBZY,OK,OK,inist.cdsp
Gustave Eiffel University Dataverse,data.univ-gustave-eiffel.fr,https://data.univ-gustave-eiffel.fr,200,FALSE,FALSE,OK,5.6,5.6,OK,31,0–99,doi:10.25578/BWZBBI,OK,OK,inist.ifsttar
World Agroforestry - Research Data Repository,data.worldagroforestry.org,https://data.worldagroforestry.org,200,FALSE,TRUE,OK,4.2,4.2,OK,649,500–999,doi:10.34725/DVN/66BFOB,OK,OK,gdcc.icraf
POLEN DataHub,datahub.polen.fccn.pt,https://datahub.polen.fccn.pt,200,FALSE,FALSE,OK,6.7.1,6.7.1,OK,30,0–99,doi:10.57979/SX7EJU,OK,OK,ivuw.polen
Tecnológico de Monterrey Data Hub,datahub.tec.mx,https://datahub.tec.mx,200,FALSE,FALSE,OK,5.9,5.9,OK,37,0–99,doi:10.57687/FK2/5WZMGP,OK,OK,itesm.ojevlu
dataportal.ing.pan.pl,dataportal.ing.pan.pl,https://dataportal.ing.pan.pl,200,FALSE,FALSE,OK,6.7.1,6.7.1,OK,34,0–99,doi:10.60871/INGPAN/XBIMH2,OK,OK,ingpan.ehqcya
DataRepositoriUM,datarepositorium.sdum.uminho.pt,https://datarepositorium.uminho.pt,200,FALSE,FALSE,OK,4.2,4.2,OK,324,100–499,doi:10.34622/datarepositorium/WORWMA,OK,OK,fct.uminho
Università Ca’ Foscari Venezia Datarepository,datarepository.unive.it,https://datarepository.unive.it,405,FALSE,FALSE,OK,6.4,6.4,OK,43,0–99,doi:10.71731/DATA_UNIVE/DJQ3FK,OK,OK,frnw.fuefjy
Repositório de datos de la Universidad de Concepción,datav.udec.cl,https://datav.udec.cl,200,FALSE,FALSE,OK,5,5,OK,17,0–99,doi:10.48665/udec/FJBASE,OK,OK,udec.umbvla
ADP - Slovenian Social Science Data Archives,dataverse.adp.fdv.uni-lj.si,https://dataverse.adp.fdv.uni-lj.si,200,FALSE,FALSE,OK,5.8,5.8,OK,272,100–499,doi:10.17898/ADP_SJM041_V1,OK,OK,gesis.adp
Wyoming Data Repository,dataverse.arcc.uwyo.edu,https://dataverse.arcc.uwyo.edu,200,FALSE,FALSE,OK,6.10.1,6.10.1,OK,170,100–499,doi:10.15786/HJPWJX,OK,OK,wyoming.rep1
ASU Library Research Data Repository,dataverse.asu.edu,https://dataverse.asu.edu,403,FALSE,FALSE,OK,6.10.1,6.10.1,OK,100,100–499,doi:10.48349/ASU/KKWFWE,OK,OK,asu.asul
BSC Dataverse,dataverse.bsc.es,https://dataverse.bsc.es,200,FALSE,FALSE,OK,6.9,6.9,OK,102,100–499,doi:10.82201/ZLFUAM,OK,OK,bsccns.bsstos
USC Dataverse,dataverse.carc.usc.edu,https://dataverse.carc.usc.edu,200,FALSE,FALSE,OK,6.8,6.8,OK,9,0–99,doi:10.34728/FK2/GWCQ6K,OK,OK,usc.dataverse
CIDACS,dataverse.cidacs.org,https://dataverse.cidacs.org,200,FALSE,FALSE,OK,5.11.1,5.11.1,OK,232,100–499,doi:10.57833/cidacs/BFXSYB,OK,OK,fiocruz.hzbrhl
Dartmouth Dataverse,dataverse.dartmouth.edu,https://dataverse.dartmouth.edu,200,FALSE,FALSE,OK,6.10.1,6.10.1,OK,94,0–99,doi:10.21989/D9/LED2UF,OK,OK,dartlib.tdi
DeiC Dataverse,dataverse.deic.dk,https://dataverse.deic.dk,200,FALSE,FALSE,OK,6.6,6.6,OK,10,0–99,doi:10.60612/DATADK/U1UHSM,OK,OK,vznx.mjhyql
Florida International University Research Data Portal,dataverse.fiu.edu,https://dataverse.fiu.edu,200,FALSE,FALSE,OK,6,6,OK,119,100–499,doi:10.34703/gzx1-9v95/SNTAEG,OK,OK,fiu.library
DataPB,dataverse.ideal.ufpb.br,https://dataverse.ideal.ufpb.br,200,FALSE,FALSE,OK,6.3,6.3,OK,49,0–99,doi:10.71650/DATAPB/AUBIHO,OK,OK,ufpb.pbwdfw
Italian Institute of Technology (IIT),dataverse.iit.it,https://dataverse.iit.it,200,FALSE,FALSE,OK,6.7.1,6.7.1,OK,51,0–99,doi:10.48557/AIO2LN,OK,OK,iidt.iit
Repositório de Datos Pontificia Universidad Javeriana,dataverse.javeriana.edu.co,https://dataverse.javeriana.edu.co,200,FALSE,FALSE,OK,6.6,6.6,OK,9,0–99,doi:10.60790/RQ3BSP,OK,OK,ckhe.geqtgq
NYCU Dataverse,dataverse.lib.nycu.edu.tw,https://dataverse.lib.nycu.edu.tw,200,FALSE,FALSE,OK,5.10.1,5.10.1,OK,290,100–499,doi:10.57770/HDHL1B,OK,OK,gtfe.kagikv
UNB Libraries Dataverse,dataverse.lib.unb.ca,https://dataverse.lib.unb.ca,200,FALSE,FALSE,OK,6.9,6.9,OK,119,100–499,doi:10.25545/UKF6MH,OK,OK,unewb.bchavb
Libra Data,dataverse.lib.virginia.edu,https://dataverse.lib.virginia.edu,200,FALSE,FALSE,OK,6.9,6.9,OK,516,500–999,doi:10.18130/V3/QGVZHW,OK,OK,uva.libra
NIOZ Dataverse,dataverse.nioz.nl,https://dataverse.nioz.nl,200,FALSE,FALSE,OK,4.2,4.2,OK,227,100–499,doi:10.25850/nioz/7b.b.vk,OK,OK,nioz.das
Open Forest Data,dataverse.openforestdata.pl,https://dataverse.openforestdata.pl,200,FALSE,FALSE,OK,4.2,4.2,OK,79785,"10,000–99,999",doi:10.48370/OFD/QQLPH7,OK,OK,psnc.ibspan
RSU Dataverse,dataverse.rsu.lv,https://dataverse.rsu.lv,200,FALSE,FALSE,OK,6.10.1,6.10.1,OK,168,100–499,doi:10.48510/FK2/NBDPPO,OK,OK,xxuc.czmxkb
ACSS Dataverse,dataverse.theacss.org,https://dataverse.theacss.org,200,FALSE,FALSE,OK,6.10.1,6.10.1,OK,193,100–499,doi:10.25825/FK2/A7D3HZ,OK,OK,gdcc.odum-dv
UCLA Dataverse,dataverse.ucla.edu,https://dataverse.ucla.edu,200,FALSE,FALSE,OK,5.14,5.14,OK,390,100–499,doi:10.25346/S6HW3IQD,OK,OK,cdl.ucla
UD Dataverse,dataverse.udel.edu,https://dataverse.udel.edu,200,FALSE,FALSE,OK,6.10.1,6.10.1,OK,2,0–99,doi:10.82252/FL8WNA,OK,OK,lwpg.yplgqx
ULiège Open Data Repository,dataverse.uliege.be,https://dataverse.uliege.be,200,FALSE,FALSE,OK,5.11.1,5.11.1,OK,55,0–99,doi:10.58119/ULG/ESYDU2,OK,OK,ulg.prod
UNC Dataverse,dataverse.unc.edu,https://dataverse.unc.edu,200,FALSE,TRUE,OK,6.8,6.8,OK,27932,"10,000–99,999",doi:10.15139/S3/GWNFDS,OK,OK,gdcc.odum-dv
Università degli Studi di Milano,dataverse.unimi.it,https://dataverse.unimi.it,405,FALSE,FALSE,OK,6.7.1,6.7.1,OK,683,500–999,doi:10.13130/RD_UNIMI/BO6RRC,OK,OK,crui.unimi
Repositório de Datos Académicos RDA-UNR,dataverse.unr.edu.ar,https://dataverse.unr.edu.ar,200,FALSE,FALSE,OK,5.10.1,5.10.1,OK,60,0–99,doi:10.57715/UNR/V8RLSD,OK,OK,undr.undr
VTTI,dataverse.vtti.vt.edu,https://dataverse.vtti.vt.edu,200,FALSE,FALSE,OK,5.10.1,5.10.1,OK,214,100–499,doi:10.15787/VTT1/FOZRSM,OK,OK,vt.vttidata
MBLWHOI Library Dataverse,dataverse.whoi.edu,https://dataverse.whoi.edu,200,FALSE,FALSE,OK,6.10.1,6.10.1,OK,31,0–99,doi:10.26027/DATAUTOIPF,OK,OK,wh.dataverse
Yale Dataverse,dataverse.yale.edu,https://dataverse.yale.edu,200,FALSE,FALSE,OK,6.10.1,6.10.1,OK,264,100–499,doi:10.60600/YU/OQDK2P,OK,OK,yale.xutdzp
Repositório de datos de investigación de la Universidad de Chile,datos.uchile.cl,https://datos.uchile.cl,200,FALSE,FALSE,OK,5.13,5.13,OK,145,100–499,doi:10.34691/UCHILE/LZVCGP,OK,OK,uchile.dataverse
Repositório de Datos de Investigación USACH,datos.usach.cl,https://datos.usach.cl,200,FALSE,FALSE,OK,5.13,5.13,OK,24,0–99,doi:10.60547/USACH/5JUVNP,OK,OK,usach.dataverse
Repositório de datos de Investigación UdeA,datosdeinvestigacion.udea.edu.co,https://datosdeinvestigacion.udea.edu.co,200,FALSE,FALSE,OK,6.7.1,6.7.1,OK,441,100–499,doi:10.82116/ZEMWZ3,OK,OK,udea.datos
Datos para Resiliencia,datospararesiliencia.cl,https://datospararesiliencia.cl,200,FALSE,FALSE,OK,6.10.1,6.10.1,OK,113,100–499,doi:10.71578/PGKMIR,OK,OK,gimy.pdd
BioData.pt Data Management Portal (DMPortal),dmportal.biodata.pt,https://dmportal.biodata.pt,200,FALSE,FALSE,OK,4.2,4.2,OK,44,0–99,doi:10.34636/DMPortal/FOJ7N0,OK,OK,fct.biodata
DataverseLV,dv.dataverse.lv,https://dv.dataverse.lv,200,FALSE,FALSE,OK,6.7.1,6.7.1,OK,69,0–99,doi:10.71782/DATA/UMUCFZ,OK,OK,etoe.bzcums
Dataverse e-cienciaDatos,edatos.consorciomadrono.es,https://edatos.consorciomadrono.es,200,FALSE,FALSE,OK,6.11 ConsorcioMadroño_1.3,6.11,OK,1876,"1,000–4,999",doi:10.21950/18WUEC,OK,OK,gdcc.consorcio
Data INRAe/Recherche Data Gouv,entrepot.recherche.data.gouv.fr,https://entrepot.recherche.data.gouv.fr,200,FALSE,FALSE,OK,6,6,OK,6773,"5,000–9,999",doi:10.57745/VUDUMU,OK,OK,rdg.prod
The Henryk Niewodniczański Institute of Nuclear Physics Polish Academy of Sciences,ifj.rodbuk.pl,https://ifj.rodbuk.pl,200,FALSE,FALSE,OK,6.7.1,6.7.1,OK,89,0–99,doi:10.48733/IFJPAN/UDHJBE,OK,OK,dpqa.azkqnf
Indata,indata.cedia.edu.ec,https://indata.cedia.edu.ec,200,FALSE,FALSE,OK,6.2,6.2,OK,3,0–99,doi:10.48661/PIUR7N,OK,OK,cedia.cedia
KEEN Data Management Platform,infraverse.zih.tu-dresden.de,https://infraverse.zih.tu-dresden.de,200,FALSE,FALSE,OK,6.7.1,6.7.1,OK,22,0–99,doi:10.57826/AGIMO/VSS6LJ,OK,OK,kiyb.keen
"Ministerio de las Culturas, las Artes y los Saberes",investigacionartes.mincultura.gov.co,https://investigacionartes.mincultura.gov.co,200,FALSE,FALSE,OK,6.9,6.9,OK,126,100–499,doi:10.82294/DVNBDWLET,OK,OK,ijmf.tbqlkk
ISSDA Dataverse,issda.ucd.ie,https://issda.ucd.ie,405,FALSE,FALSE,OK,6.2,6.2,OK,222,100–499,doi:10.7929/ISSDA/N7CBTV,OK,OK,issda.data
DANS Data Station Life Sciences,lifesciences.datastations.nl,https://lifesciences.datastations.nl,200,FALSE,FALSE,OK,6.9,6.9,OK,1099,"1,000–4,999",doi:10.17026/LS/AKGXRM,OK,OK,dans.archive
DataverseUA,opendata.nas.gov.ua,https://opendata.nas.gov.ua,200,FALSE,FALSE,OK,6.2,6.2,OK,47,0–99,doi:10.48788/DVUA/PPDOFP,OK,OK,srik.kau
Peking University,opendata.pku.edu.cn,https://opendata.pku.edu.cn,200,TRUE,FALSE,Installation may require javascript. Check if it's using Anubis or something else that blocks API use,,,OK,493,100–499,doi:10.18170/DVN/WJU8NN,OK,Installation may require javascript. Check if it's using Anubis or something else that blocks API use,tib.pku
osnaData,osnadata.ub.uni-osnabrueck.de,https://osnadata.ub.uni-osnabrueck.de,200,FALSE,FALSE,OK,5,5,OK,77,0–99,doi:10.26249/FK2/PK9YDR,OK,OK,hrrv.nqxtbh
PAPYRUS,papyrus-datos.co,https://papyrus-datos.co,200,FALSE,FALSE,OK,6.8,6.8,OK,221,100–499,doi:10.82190/SLARDF,OK,OK,ejiy.kbtdec
DANS Data Station Physical and Technical Sciences,phys-techsciences.datastations.nl,https://phys-techsciences.datastations.nl,200,FALSE,FALSE,OK,6.9,6.9,OK,889,500–999,doi:10.17026/PT/I702CL,OK,OK,dans.archive
RODBUK PK,pk.rodbuk.pl,https://pk.rodbuk.pl,200,FALSE,FALSE,OK,6.7.1,6.7.1,OK,49,0–99,doi:10.58099/PK/OI8EUU,OK,OK,pk.shvoyf
TRR170-DB,planetary-data-portal.org,https://planetary-data-portal.org,200,FALSE,FALSE,OK,5.10.1,5.10.1,OK,157,100–499,doi:10.35003/CMIJ3M,OK,OK,tib.trr170-db
KU Leuven RDR,rdr.kuleuven.be,https://rdr.kuleuven.be,200,FALSE,FALSE,OK,6.7.1,6.7.1,OK,806,500–999,doi:10.48804/3U1UM2,OK,OK,brvz.rdr
Repositório de Datos Abiertos de Investigación (Redata),redata.anii.org.uy,https://redata.anii.org.uy,200,FALSE,FALSE,OK,6.4,6.4,OK,146,100–499,doi:10.60895/redata/ZWBWQF,OK,OK,anii.anii
Reposítorio SoilData,repositorio.soildata.mapbiomas.org,https://repositorio.soildata.mapbiomas.org,200,FALSE,FALSE,OK,5.12.1,5.12.1,OK,301,100–499,doi:10.60502/SoilData/LOOGRU,OK,OK,mpbiomas.soildata
Repositorio de Datos de Investigación Universidad del Rosario,research-data.urosario.edu.co,https://research-data.urosario.edu.co,200,FALSE,FALSE,OK,6.10.1,6.10.1,OK,105,100–499,doi:10.34848/FTYBNA,OK,OK,udr.researchdata
CUHK Research Data Repository,researchdata.cuhk.edu.hk,https://researchdata.cuhk.edu.hk,200,FALSE,FALSE,OK,5.10.1,5.10.1,OK,153,100–499,doi:10.48668/U2GK0W,OK,OK,wklx.uftoeh
PolyU Research Data Repository,researchdata.lib.polyu.edu.hk,https://researchdata.lib.polyu.edu.hk,200,FALSE,FALSE,OK,6.1,6.1,OK,27,0–99,doi:10.60933/PRDR/A458PH,OK,OK,ntdt.eahzco
NIE Data Repository,researchdata.nie.edu.sg,https://researchdata.nie.edu.sg,200,FALSE,FALSE,OK,5.10.1,5.10.1,OK,329,100–499,doi:10.25340/R4/YSKRJI,OK,OK,gdcc.ntu
DR-NTU (Data),researchdata.ntu.edu.sg,https://researchdata.ntu.edu.sg,200,FALSE,FALSE,OK,6.1,6.1,OK,2076,"1,000–4,999",doi:10.21979/N9/JEXRAQ,OK,OK,gdcc.ntu
Sano,sano.rodbuk.pl,https://sano.rodbuk.pl,200,FALSE,FALSE,OK,6.7.1,6.7.1,OK,3,0–99,doi:10.71580/SANO/GVPFQ5,OK,OK,azgb.sanodv
DANS Data Station Social Sciences and Humanities,ssh.datastations.nl,https://ssh.datastations.nl,200,FALSE,FALSE,OK,6.9,6.9,OK,8113,"5,000–9,999",doi:10.17026/DANS-X72-CZHH,OK,OK,dans.archive
RODBUK UEK,uek.rodbuk.pl,https://uek.rodbuk.pl,200,FALSE,FALSE,OK,6.7.1,6.7.1,OK,41,0–99,doi:10.58116/UEK/ABZ9XQ,OK,OK,uek.wgkfkr
RODBUK UJ,uj.rodbuk.pl,https://uj.rodbuk.pl,200,FALSE,FALSE,OK,6.7.1,6.7.1,OK,901,500–999,doi:10.57903/UJ/T3WAAV,OK,OK,emhz.rodbukuj
University of Wroclaw,uwr.rodbuk.pl,https://uwr.rodbuk.pl,200,FALSE,FALSE,OK,6.7.1,6.7.1,OK,141,100–499,doi:10.34616/QFOGEK,OK,OK,psnc.uwr
SODHA,www.sodha.be,https://www.sodha.be,200,FALSE,FALSE,OK,5.13,5.13,OK,189,100–499,doi:10.34934/DVN/5YUNB1,OK,OK,sab.sab
Abacus,abacus.library.ubc.ca,https://abacus.library.ubc.ca,200,FALSE,FALSE,OK,5.9,5.9,OK,2609,"1,000–4,999",hdl:11272.1/AB2/YOTLSR,OK,OK,
CedapDados,cedapdados.ufrgs.br,https://cedapdados.ufrgs.br,"ERROR: HTTPSConnectionPool(host='cedapdados.ufrgs.br', port=443): Max retries exceeded with url: / (Caused by ConnectTimeoutError(<urllib3.connection.HTTPSConnection object at 0x11a66e210>, 'Connection to cedapdados.ufrgs.br timed out. (connect timeout=20)'))",FALSE,FALSE,"HTTPSConnectionPool(host='cedapdados.ufrgs.br', port=443): Max retries exceeded with url: /api/v1/info/version (Caused by ConnectTimeoutError(<urllib3.connection.HTTPSConnection object at 0x11a66e5d0>, 'Connection to cedapdados.ufrgs.br timed out. (connect timeout=60)'))",,,"HTTPSConnectionPool(host='cedapdados.ufrgs.br', port=443): Max retries exceeded with url: /api/v1/search?q=*&fq=-metadataSource:%22Harvested%22&type=dataset&per_page=1&sort=date&order=desc (Caused by ConnectTimeoutError(<urllib3.connection.HTTPSConnection object at 0x11a66ead0>, 'Connection to cedapdados.ufrgs.br timed out. (connect timeout=60)'))",,,,,"HTTPSConnectionPool(host='cedapdados.ufrgs.br', port=443): Max retries exceeded with url: /api/v1/metadatablocks (Caused by ConnectTimeoutError(<urllib3.connection.HTTPSConnection object at 0x11a7091d0>, 'Connection to cedapdados.ufrgs.br timed out. (connect timeout=60)'))",
Repositório Piloto da Rede Nacional de Ensino e Pesquisa,dadosabertos.rnp.br,https://dadosabertos.rnp.br,"ERROR: HTTPSConnectionPool(host='dadosabertos.rnp.br', port=443): Max retries exceeded with url: / (Caused by NameResolutionError(""<urllib3.connection.HTTPSConnection object at 0x11a3cb750>: Failed to resolve 'dadosabertos.rnp.br' ([Errno 8] nodename nor servname provided, or not known)""))",FALSE,FALSE,"HTTPSConnectionPool(host='dadosabertos.rnp.br', port=443): Max retries exceeded with url: /api/v1/info/version (Caused by NameResolutionError(""<urllib3.connection.HTTPSConnection object at 0x11a66e210>: Failed to resolve 'dadosabertos.rnp.br' ([Errno 8] nodename nor servname provided, or not known)""))",,,"HTTPSConnectionPool(host='dadosabertos.rnp.br', port=443): Max retries exceeded with url: /api/v1/search?q=*&fq=-metadataSource:%22Harvested%22&type=dataset&per_page=1&sort=date&order=desc (Caused by NameResolutionError(""<urllib3.connection.HTTPSConnection object at 0x11a66efd0>: Failed to resolve 'dadosabertos.rnp.br' ([Errno 8] nodename nor servname provided, or not known)""))",,,,,"HTTPSConnectionPool(host='dadosabertos.rnp.br', port=443): Max retries exceeded with url: /api/v1/metadatablocks (Caused by NameResolutionError(""<urllib3.connection.HTTPSConnection object at 0x11a708190>: Failed to resolve 'dadosabertos.rnp.br' ([Errno 8] nodename nor servname provided, or not known)""))",
BRIN Dataverse,data.brin.go.id,https://data.brin.go.id,200,FALSE,FALSE,OK,6.3,6.3,OK,5277,"5,000–9,999",hdl:20.500.12690/RIN/7QBRKQ,OK,OK,
CIFOR,data.cifor.org,https://data.cifor.org,200,FALSE,TRUE,OK,4.2,4.2,OK,331,100–499,doi:10.17528/CIFOR/DATA.00337,OK,OK,
CIMMYT Research Data,data.cimmyt.org,https://data.cimmyt.org,200,FALSE,TRUE,OK,6.4,6.4,OK,1132,"1,000–9,999",hdl:11529/10549335,OK,OK,
MELDATA,data.mel.cgiar.org,https://data.mel.cgiar.org,200,FALSE,FALSE,OK,6.5,6.5,OK,616,500–999,hdl:20.500.11766.1/FK2/F2BS5I,OK,OK,
SciELO Data,data.scielo.org,https://data.scielo.org,403,TRUE,TRUE,Installation may require javascript. Check if it's using Anubis or something else that blocks API use,,,Installation may require javascript. Check if it's using Anubis or something else that blocks API use,,,,,Installation may require javascript. Check if it's using Anubis or something else that blocks API use,
CoronaWhy Dataverse,datasets.coronawhy.org,https://datasets.coronawhy.org,404,TRUE,FALSE,Installation may require javascript. Check if it's using Anubis or something else that blocks API use,,,Installation may require javascript. Check if it's using Anubis or something else that blocks API use,,,,,Installation may require javascript. Check if it's using Anubis or something else that blocks API use,
IISH Dataverse,datasets.iisg.amsterdam,https://datasets.iisg.amsterdam,200,FALSE,FALSE,OK,5.12,5.12,OK,369,100–499,hdl:10622/MT2H0N,OK,OK,
Repositório de Datos de la Universidad del Pacifico (DatasetsUP),datasets.up.edu.pe,https://datasets.up.edu.pe,200,FALSE,FALSE,OK,6.5,6.5,OK,37,0–99,hdl:20.500.14139/VOMCNU,OK,OK,
DataSpace@HKUST,dataspace.ust.hk,https://dataspace.hkust.edu.hk,200,FALSE,FALSE,OK,6.1,6.1,OK,145,100–499,doi:10.14711/dataset/EGY9GS,OK,OK,
Maine Dataverse Network,dataverse.acg.maine.edu/dvn,https://dataverse.acg.maine.edu,200,TRUE,FALSE,Installation may require javascript. Check if it's using Anubis or something else that blocks API use,,,Installation may require javascript. Check if it's using Anubis or something else that blocks API use,,,,,Installation may require javascript. Check if it's using Anubis or something else that blocks API use,
ADA Dataverse,dataverse.ada.edu.au,https://dataverse.ada.edu.au,200,TRUE,TRUE,Installation may require javascript. Check if it's using Anubis or something else that blocks API use,,,Installation may require javascript. Check if it's using Anubis or something else that blocks API use,,,,,Installation may require javascript. Check if it's using Anubis or something else that blocks API use,
Botswana Harvard Data,dataverse.bhp.org.bw,https://lists.bhp.org.bw,503,TRUE,FALSE,Installation may require javascript. Check if it's using Anubis or something else that blocks API use,,,Installation may require javascript. Check if it's using Anubis or something else that blocks API use,,,,,Installation may require javascript. Check if it's using Anubis or something else that blocks API use,
Centro Brasileiro de Pesquisas Físicas - CBPF,dataverse.cbpf.br,https://dataverse.cbpf.br,200,FALSE,FALSE,OK,6.6,6.6,OK,6,0–99,doi:10.82037/CBPF/88JNVM,OK,OK,
FGV Dataverse,dataverse.fgv.br,https://dataverse.fgv.br,200,FALSE,FALSE,OK,6.10.1,6.10.1,OK,57,0–99,hdl:10438.3/FK2/FG8MRP,OK,OK,
ICRISAT,dataverse.icrisat.org,https://dataverse.icrisat.org,403,TRUE,TRUE,Installation may require javascript. Check if it's using Anubis or something else that blocks API use,,,Installation may require javascript. Check if it's using Anubis or something else that blocks API use,,,,,Installation may require javascript. Check if it's using Anubis or something else that blocks API use,
IFDC Dataverse,dataverse.ifdc.org,https://dataverse.ifdc.org,"ERROR: HTTPSConnectionPool(host='dataverse.ifdc.org', port=443): Read timed out. (read timeout=20)",TRUE,FALSE,Installation may require javascript. Check if it's using Anubis or something else that blocks API use,,,Installation may require javascript. Check if it's using Anubis or something else that blocks API use,,,,,Installation may require javascript. Check if it's using Anubis or something else that blocks API use,
Repositório de Dados de Pesquisa do ILEEL,dataverse.ileel.ufu.br,https://dataverse.ileel.ufu.br,"ERROR: HTTPSConnectionPool(host='dataverse.ileel.ufu.br', port=443): Max retries exceeded with url: / (Caused by NameResolutionError(""<urllib3.connection.HTTPSConnection object at 0x11a17f9d0>: Failed to resolve 'dataverse.ileel.ufu.br' ([Errno 8] nodename nor servname provided, or not known)""))",FALSE,FALSE,"HTTPSConnectionPool(host='dataverse.ileel.ufu.br', port=443): Max retries exceeded with url: /api/v1/info/version (Caused by NameResolutionError(""<urllib3.connection.HTTPSConnection object at 0x118b051d0>: Failed to resolve 'dataverse.ileel.ufu.br' ([Errno 8] nodename nor servname provided, or not known)""))",,,"HTTPSConnectionPool(host='dataverse.ileel.ufu.br', port=443): Max retries exceeded with url: /api/v1/search?q=*&fq=-metadataSource:%22Harvested%22&type=dataset&per_page=1&sort=date&order=desc (Caused by NameResolutionError(""<urllib3.connection.HTTPSConnection object at 0x11a66dd10>: Failed to resolve 'dataverse.ileel.ufu.br' ([Errno 8] nodename nor servname provided, or not known)""))",,,,,"HTTPSConnectionPool(host='dataverse.ileel.ufu.br', port=443): Max retries exceeded with url: /api/v1/metadatablocks (Caused by NameResolutionError(""<urllib3.connection.HTTPSConnection object at 0x11a66e0d0>: Failed to resolve 'dataverse.ileel.ufu.br' ([Errno 8] nodename nor servname provided, or not known)""))",
IDSC Dataverse,dataverse.iza.org,https://dataverse.iza.org,200,FALSE,FALSE,OK,5.13,5.13,OK,113,100–499,doi:10.15185/glmlic.978.1,OK,OK,
ICWSM,dataverse.mpi-sws.org,https://dataverse.mpi-sws.org,"ERROR: HTTPSConnectionPool(host='dataverse.mpi-sws.org', port=443): Max retries exceeded with url: / (Caused by NameResolutionError(""<urllib3.connection.HTTPSConnection object at 0x11a66f250>: Failed to resolve 'dataverse.mpi-sws.org' ([Errno 8] nodename nor servname provided, or not known)""))",FALSE,FALSE,"HTTPSConnectionPool(host='dataverse.mpi-sws.org', port=443): Max retries exceeded with url: /api/v1/info/version (Caused by NameResolutionError(""<urllib3.connection.HTTPSConnection object at 0x11a66f9d0>: Failed to resolve 'dataverse.mpi-sws.org' ([Errno 8] nodename nor servname provided, or not known)""))",,,"HTTPSConnectionPool(host='dataverse.mpi-sws.org', port=443): Max retries exceeded with url: /api/v1/search?q=*&fq=-metadataSource:%22Harvested%22&type=dataset&per_page=1&sort=date&order=desc (Caused by NameResolutionError(""<urllib3.connection.HTTPSConnection object at 0x11a66e0d0>: Failed to resolve 'dataverse.mpi-sws.org' ([Errno 8] nodename nor servname provided, or not known)""))",,,,,"HTTPSConnectionPool(host='dataverse.mpi-sws.org', port=443): Max retries exceeded with url: /api/v1/metadatablocks (Caused by NameResolutionError(""<urllib3.connection.HTTPSConnection object at 0x11a708410>: Failed to resolve 'dataverse.mpi-sws.org' ([Errno 8] nodename nor servname provided, or not known)""))",
Institute of Russian Literature Dataverse,dataverse.pushdom.ru,https://dataverse.pushdom.ru,200,FALSE,TRUE,OK,5.9.pushdom,5.9,OK,47,0–99,doi:10.31860/openlit-2024.10-B005,OK,OK,
Repositório TECdatos,dataverse.tec.ac.cr,https://dataverse.tec.ac.cr,200,FALSE,FALSE,OK,6.2,6.2,OK,49,0–99,doi:10.18845/RDA/BAC4OK,OK,OK,
Open Data @ UCLouvain,dataverse.uclouvain.be,https://dataverse.uclouvain.be,200,FALSE,FALSE,OK,6.8,6.8,OK,213,100–499,doi:10.14428/DVN/Y63IQ5,OK,OK,
Repositório de Dados de Pesquisa da UFABC,dataverse.ufabc.edu.br,https://dataverse.ufabc.edu.br,503,TRUE,FALSE,Installation may require javascript. Check if it's using Anubis or something else that blocks API use,,,Installation may require javascript. Check if it's using Anubis or something else that blocks API use,,,,,Installation may require javascript. Check if it's using Anubis or something else that blocks API use,
Pontificia Universidad Católica del Perú,datos.pucp.edu.pe,https://datos.pucp.edu.pe,200,FALSE,FALSE,OK,6.1,6.1,OK,833,500–999,hdl:20.500.12534/JR6CMB,OK,OK,
Repositório de Datos de Investigación de la Universidad Nacional de La Plata,datos.unlp.edu.ar,https://datos.unlp.edu.ar,200,FALSE,FALSE,OK,6,6,OK,20,0–99,perma:10915datasetOAZQJO,OK,OK,
Repositório de Datos Universidad Distrital Francisco José de Caldas ,datosinvestigacion.udistrital.edu.co,https://datosinvestigacion.udistrital.edu.co,200,FALSE,FALSE,OK,6.2,6.2,OK,1,0–99,doi:10.14483/DQMXCT,OK,OK,
Domus Dados,domusdados.unifesp.br,https://domusdados.unifesp.br,200,FALSE,TRUE,OK,6.8,6.8,OK,115,100–499,hdl:20.500.12682/rdp/V71BKW,OK,OK,
DUnAs,dunas.ua.pt,https://dunas.ua.pt,"ERROR: HTTPSConnectionPool(host='dunas.ua.pt', port=443): Max retries exceeded with url: / (Caused by ConnectTimeoutError(<urllib3.connection.HTTPSConnection object at 0x11a66ead0>, 'Connection to dunas.ua.pt timed out. (connect timeout=20)'))",FALSE,FALSE,"HTTPSConnectionPool(host='dunas.ua.pt', port=443): Max retries exceeded with url: /api/v1/info/version (Caused by ConnectTimeoutError(<urllib3.connection.HTTPSConnection object at 0x11a708b90>, 'Connection to dunas.ua.pt timed out. (connect timeout=60)'))",,,"HTTPSConnectionPool(host='dunas.ua.pt', port=443): Max retries exceeded with url: /api/v1/search?q=*&fq=-metadataSource:%22Harvested%22&type=dataset&per_page=1&sort=date&order=desc (Caused by ConnectTimeoutError(<urllib3.connection.HTTPSConnection object at 0x11a66fb10>, 'Connection to dunas.ua.pt timed out. (connect timeout=60)'))",,,,,"HTTPSConnectionPool(host='dunas.ua.pt', port=443): Max retries exceeded with url: /api/v1/metadatablocks (Caused by ConnectTimeoutError(<urllib3.connection.HTTPSConnection object at 0x11a66f750>, 'Connection to dunas.ua.pt timed out. (connect timeout=60)'))",
Fudan University,dvn.fudan.edu.cn,https://dvn.fudan.edu.cn,200,TRUE,FALSE,Installation may require javascript. Check if it's using Anubis or something else that blocks API use,,,Installation may require javascript. Check if it's using Anubis or something else that blocks API use,,,,,Installation may require javascript. Check if it's using Anubis or something else that blocks API use,
Health Study Hub,health-study-hub.de,https://health-study-hub.de,200,FALSE,FALSE,OK,6.10.1 hello,6.10.1,Installation may require javascript. Check if it's using Anubis or something else that blocks API use,,,,,Installation may require javascript. Check if it's using Anubis or something else that blocks API use,
Lithuanian Data Archive for Social Sciences and Humanities (LiDA),lida.dataverse.lt,https://lida.dataverse.lt,200,FALSE,FALSE,OK,6.7.1,6.7.1,OK,636,500–999,hdl:21.12137/KZNJFW,OK,OK,
CESA | Repositório de datos académicos,opendata.cesa.edu.co,https://opendata.cesa.edu.co,200,FALSE,FALSE,OK,5.12.1,5.12.1,OK,11,0–99,doi:10.57130/FK2/I7DHJ1,OK,OK,
Redape - Repositório de Dados de Pesquisa da Embrapa,redape.dados.embrapa.br,https://redape.dados.embrapa.br,"ERROR: HTTPSConnectionPool(host='redape.dados.embrapa.br', port=443): Max retries exceeded with url: / (Caused by NameResolutionError(""<urllib3.connection.HTTPSConnection object at 0x11a66f890>: Failed to resolve 'redape.dados.embrapa.br' ([Errno 8] nodename nor servname provided, or not known)""))",FALSE,FALSE,"HTTPSConnectionPool(host='redape.dados.embrapa.br', port=443): Max retries exceeded with url: /api/v1/info/version (Caused by NameResolutionError(""<urllib3.connection.HTTPSConnection object at 0x11a66df90>: Failed to resolve 'redape.dados.embrapa.br' ([Errno 8] nodename nor servname provided, or not known)""))",,,"HTTPSConnectionPool(host='redape.dados.embrapa.br', port=443): Max retries exceeded with url: /api/v1/search?q=*&fq=-metadataSource:%22Harvested%22&type=dataset&per_page=1&sort=date&order=desc (Caused by NameResolutionError(""<urllib3.connection.HTTPSConnection object at 0x11a3cb750>: Failed to resolve 'redape.dados.embrapa.br' ([Errno 8] nodename nor servname provided, or not known)""))",,,,,"HTTPSConnectionPool(host='redape.dados.embrapa.br', port=443): Max retries exceeded with url: /api/v1/metadatablocks (Caused by NameResolutionError(""<urllib3.connection.HTTPSConnection object at 0x11a709310>: Failed to resolve 'redape.dados.embrapa.br' ([Errno 8] nodename nor servname provided, or not known)""))",
ARP,repo.researchdata.hu,https://repo.researchdata.hu,302,FALSE,FALSE,OK,6.9,6.9,OK,222,100–499,hdl:21.15109/ARP/YZCZCO,OK,OK,
IBICT,repositoriopesquisas.ibict.br,https://repositoriopesquisas.ibict.br,200,FALSE,TRUE,OK,5.3,5.3,OK,190,100–499,doi:10.5072/FK2/LETDKG,OK,OK,
RODBUK,rodbuk.pl,https://rodbuk.pl,200,FALSE,FALSE,,6.9,6.9,FALSE,,,,,,
RODBUCK UKEN,uken.rodbuk.pl,https://uken.rodbuk.pl,200,FALSE,FALSE,OK,6.7.1,6.7.1,OK,11,0–99,doi:10.24917/ZBNIJ5,OK,OK,